name,smiles,molecular_weight,melting_point_K,boiling_point_K,heat_of_fusion,heat_of_vaporization,critical_temperature,critical_pressure,flash_point,logP,M1,M2,HM,H,mm2,ReZG3,F,IS,A,R,RR,ABC,SC
methylamine,CN,31.0571,179.95,266.75,197378.37724707072,840051.8351464672,430.8,7620000.0,263.15,-0.57,2.0,1.0,4.0,1.0,1.0,2.0,2.0,0.5,0.0,1.0,1.0,0.0,0.7071067811865475
dimethyl ether,COC,46.06844,133.4,248.3678379,107231.76213477163,465166.0427679831,400.378,5336800.0,232.15,0.1,8.0,8.0,32.0,1.0,0.5,32.0,16.0,2.0,16.0,1.0,0.5,1.4142135623730951,1.0
nitroethane,CC[N+](=O)[O-],75.0666,183.9,387.25,131216.81280356378,483315.3013166722,595.0,4850002.0,300.15,0.18,28.0,48.0,198.0,1.1547619047619047,0.35416666666666663,344.0,102.0,6.761904761904762,54.61096296296296,1.1809036597828995,0.35416666666666663,2.6104736656181475,1.5177306270755913
pyridine,c1ccncc1,79.09989999999999,231.15,388.35,104677.75559766828,447634.0383500065,620.0,5650000.0,291.15,0.65,48.0,96.0,384.0,1.5,0.375,768.0,192.0,12.0,113.77777777777776,1.5,0.375,3.6742346141747673,2.1213203435596424
phenol,Oc1ccccc1,94.11124,314.15,454.95,122302.07571380422,493889.27547795104,694.2,5930000.0,348.15,1.48,62.0,137.0,554.0,1.5944444444444446,0.37166666666666665,1236.0,280.0,15.319444444444443,161.23331249662562,1.605412485247119,0.37166666666666665,4.171787209943664,2.359782370480164
n-methylpyrrolidine,CN1CCCC1,85.14753999999999,183.15,479.25,78581.24850113111,234524.81221384907,550.0,4200000.0,259.0,0.92,54.0,121.0,490.0,1.3444444444444446,0.30916666666666665,1108.0,248.0,13.319444444444443,142.27034953366268,1.355412485247119,0.30916666666666665,3.5594147742478697,2.00622897988689
toluene,Cc1ccccc1,92.13842,179.2,383.7457531,72065.48582013887,360698.1003747074,591.75,4126300.0,277.15,2.73,62.0,137.0,554.0,1.5944444444444446,0.37166666666666665,1236.0,280.0,15.319444444444443,161.23331249662562,1.605412485247119,0.37166666666666665,4.171787209943664,2.359782370480164
urea,N=C(N)O,60.05526,406.5,626.15,231453.49799501328,562338.5658581216,705.0,9050000.0,375.3040935,-2.11,18.0,27.0,108.0,1.0,0.3333333333333333,162.0,54.0,4.5,34.171875,1.0,0.3333333333333333,2.0,1.2247448713915892
nitrobenzene,O=[N+]([O-])c1ccccc1,123.1094,279.0,483.85,98449.02176438192,359744.5007703005,712.0,3495713.0,361.15,1.85,86.0,207.0,850.0,1.9444444444444442,0.4440476190476191,2116.0,436.0,20.944444444444443,244.44815624662562,1.9707039278313898,0.4440476190476191,5.2764393435534105,2.9469056328242007
hydrogen cyanide,C#N,27.02534,259.75,298.78,311189.4244438738,996419.9312649296,457.0,5400000.0,253.15,-0.25,2.0,1.0,4.0,1.0,1.0,2.0,2.0,0.5,0.0,1.0,1.0,0.0,0.7071067811865475
pentaerythritol,OCC(CO)(CO)CO,136.14638,532.4,631.0,35256.170601083926,770710.3955573357,780.0,4780000.0,523.7684914,-1.69,80.0,200.0,872.0,1.7582417582417582,0.5,2360.0,472.0,18.02197802197802,224.33658903080388,1.8973665961010278,0.5,4.926044821086494,2.6212582844873675
acetonitrile,CC#N,41.05192,226.65,354.75,198772.67616228425,735567.2654901212,545.5,4850000.0,275.15,-0.34,8.0,8.0,32.0,1.0,0.5,32.0,16.0,2.0,16.0,1.0,0.5,1.4142135623730951,1.0
hydrazine,NN,32.04516,275.15,386.7,395067.46104559937,1274284.6770695578,653.0,14692125.0,311.15,-2.07,2.0,1.0,4.0,1.0,1.0,2.0,2.0,0.5,0.0,1.0,1.0,0.0,0.7071067811865475
oxirane,C1CO1,44.05256,161.8,283.6595561,117359.80837436007,578063.7087249685,468.92,7304700.0,253.15,-0.3,18.0,27.0,108.0,1.0,0.3333333333333333,162.0,54.0,4.5,34.171875,1.0,0.3333333333333333,2.0,1.2247448713915892
naphthalene,c1ccc2ccccc2c1,128.17052,353.35,491.15,148318.03756433225,336834.7726109612,748.4,4050000.0,350.15,3.34,114.0,301.0,1224.0,2.198412698412698,0.4596938775510204,3342.0,622.0,28.055555555555557,370.8042986043623,2.213407737639872,0.4596938775510204,6.224138379236224,3.4624018948115576
hexane,CCCCCC,86.17536,178.075,341.8656166,151783.52605663615,335139.99059591285,507.82,3044100.0,251.15,4.0,32.0,52.0,212.0,1.6214285714285714,0.5625,356.0,108.0,7.828571428571429,62.61096296296296,1.643846850117352,0.5625,3.317580446804695,2.003909527611644
octane,CCCCCCCC,114.22852,216.3,398.7937551,181478.3208256572,301481.3280256889,568.74,2483590.0,286.15,5.15,48.0,84.0,340.0,2.1214285714285714,0.6875,612.0,172.0,11.828571428571427,100.53688888888888,2.143846850117352,0.6875,4.542325318196284,2.7110163087981913
heptane,CCCCCCC,100.20194,182.15,371.5503605,140017.24916703207,316686.7118,540.2,2735730.0,266.15,4.5,40.0,68.0,276.0,1.8714285714285714,0.625,484.0,140.0,9.828571428571427,81.57392592592592,1.893846850117352,0.625,3.9299528825004892,2.357462918204918
ethane,CC,30.06904,90.3,184.5685878,90458.49152,489404.93146588415,305.322,4872200.0,244.15,1.81,2.0,1.0,4.0,1.0,1.0,2.0,2.0,0.5,0.0,1.0,1.0,0.0,0.7071067811865475
glycerol,OCC(O)CO,92.09382,291.15,562.15,198710.4020660669,717057.2202078819,850.0,7500000.0,446.9892132,-1.76,38.0,71.0,298.0,1.361111111111111,0.41666666666666663,576.0,156.0,8.98611111111111,78.27223032069972,1.4125192664336665,0.41666666666666663,3.2298850510266943,1.8367166381876665
butane,CCCC,58.1222,135.05,272.6599005,80175.90524790871,385708.5574637104,425.125,3796000.0,213.15,2.89,16.0,21.0,86.0,1.1333333333333333,0.4444444444444444,114.0,44.0,3.9000000000000004,27.390625,1.1498299142610595,0.4444444444444444,2.080880229039762,1.3026754814637789
2-ethylaniline,CCc1ccccc1N,121.17964,226.65,486.15,126465.1388632612,368430.4493870238,704.0,3740000.0,358.15,1.74,88.0,217.0,898.0,1.934149184149184,0.464484126984127,2302.0,464.0,21.197940947940946,256.30103959501446,1.9813598697362118,0.464484126984127,5.287262804527603,2.930849602920092
"1,3-dichlorobenzene",Clc1cccc(Cl)c1,147.00196,248.25,445.15,85713.14287238075,265667.8638154542,685.7,4200000.0,336.15,3.48,76.0,180.0,732.0,1.708080808080808,0.37999999999999995,1760.0,372.0,18.648989898989896,213.0064606447738,1.7287597466643907,0.37999999999999995,4.674942985596083,2.6092516690424175
tetrachloroethylene,ClC(Cl)=C(Cl)Cl,165.8334,251.0,394.35,65608.01382592409,210432.92146437475,611.0,4458300.0,318.15,2.88,42.0,85.0,356.0,1.2,0.30666666666666664,730.0,186.0,10.0,93.017578125,1.2327955589886443,0.30666666666666664,3.0955075530839418,1.730441328389933
carbon disulfide,S=C=S,76.1407,161.15,319.35,57656.41765836143,354739.1188654012,552.0,7903350.0,243.15,1.94,8.0,8.0,32.0,1.0,0.5,32.0,16.0,2.0,16.0,1.0,0.5,1.4142135623730951,1.0
nitromethane,C[N+](=O)[O-],61.04002,244.15,374.34,158912.1366605057,569844.9806355354,588.0,6100000.0,308.15,-0.33,18.0,27.0,108.0,1.0,0.3333333333333333,162.0,54.0,4.5,34.171875,1.0,0.3333333333333333,2.0,1.2247448713915892
methylhydrazine,CNN,46.071740000000005,220.75,356.15,226169.0138032555,786577.3193719226,567.0,8039997.0,296.15,-1.05,8.0,8.0,32.0,1.0,0.5,32.0,16.0,2.0,16.0,1.0,0.5,1.4142135623730951,1.0
2-methylpyridine,Cc1ccccn1,93.12648,203.15,402.55,104374.1801472578,382145.67605109216,621.0,4620000.0,300.15,1.11,62.0,137.0,554.0,1.5944444444444446,0.37166666666666665,1236.0,280.0,15.319444444444443,161.23331249662562,1.605412485247119,0.37166666666666665,4.171787209943664,2.359782370480164
chloromethane,CCl,50.48752,175.8,249.1727195,127358.20654292389,428082.7154,416.3,6689900.0,227.15,0.91,2.0,1.0,4.0,1.0,1.0,2.0,2.0,0.5,0.0,1.0,1.0,0.0,0.7071067811865475
chloroethane,CCCl,64.5141,134.3,285.45,68977.16933197548,383608.5723769886,460.0,5200000.0,223.15,1.43,8.0,8.0,32.0,1.0,0.5,32.0,16.0,2.0,16.0,1.0,0.5,1.4142135623730951,1.0
"ethene, chloro-",C=CCl,62.49822,119.45,259.4433349,78722.24200945243,356954.87344656483,424.964,5590300.0,195.15,1.38,8.0,8.0,32.0,1.0,0.5,32.0,16.0,2.0,16.0,1.0,0.5,1.4142135623730951,1.0
trichloroethylene,ClC=C(Cl)Cl,131.38834,188.15,359.95,64313.16507994545,242165.1812797017,571.0,4914263.0,280.8382689,2.53,28.0,48.0,198.0,1.1547619047619047,0.35416666666666663,344.0,102.0,6.761904761904762,54.61096296296296,1.1809036597828995,0.35416666666666663,2.6104736656181475,1.5177306270755913
acrylonitrile,C=CC#N,53.06262,189.4,350.35,117408.45061928716,585486.0026088273,540.0,4660000.0,268.15,0.25,16.0,21.0,86.0,1.1333333333333333,0.4444444444444444,114.0,44.0,3.9000000000000004,27.390625,1.1498299142610595,0.4444444444444444,2.080880229039762,1.3026754814637789
isoquinoline,c1ccc2cnccc2c1,129.15858,299.385,516.35,104832.36963428988,342546.02908841055,803.0,5070000.0,380.15,2.08,114.0,301.0,1224.0,2.198412698412698,0.4596938775510204,3342.0,622.0,28.055555555555557,370.8042986043623,2.213407737639872,0.4596938775510204,6.224138379236224,3.4624018948115576
(-)-menthol,CC(C)[C@@H]1CC[C@@H](C)C[C@H]1O,156.26520000000002,316.15,487.15,103657.11623573257,317741.1780435364,658.0,2710000.0,366.15,3.4,116.0,307.0,1272.0,2.171256521256521,0.4675,3496.0,658.0,27.93469030969031,368.77440325433406,2.2201051154529656,0.4675,6.2759246928318735,3.4385969544570614
decane,CCCCCCCCCC,142.28168,243.225,447.2702294,201853.1127830372,276393.48528737505,617.7,2103000.0,319.15,6.25,64.0,116.0,468.0,2.6214285714285714,0.8125,868.0,236.0,15.828571428571427,138.4628148148148,2.643846850117352,0.8125,5.767070189587874,3.4181230899847392
cyclohexane,C1CCCCC1,84.15948,280.15,353.8649484,31844.303220504687,356362.44065516366,553.6,4080500.0,256.15,3.44,48.0,96.0,384.0,1.5,0.375,768.0,192.0,12.0,113.77777777777776,1.5,0.375,3.6742346141747673,2.1213203435596424
3-methyl-1-butanol,CC(C)CCO,88.14818,156.15,403.95,105175.17207955968,506626.8539807244,577.2,3930000.0,315.15,1.28,36.0,65.0,268.0,1.4436507936507934,0.44999999999999996,498.0,138.0,8.72579365079365,74.59661516034986,1.467404247150629,0.44999999999999996,3.2221647402659905,1.8900292654450193
dicumyl peroxide,CC(C)(OOC(C)(C)c1ccccc1)c1ccccc1,270.36608,313.45,669.15,66598.59106586152,186815.4115144638,884.0,2180000.0,344.15,5.5,232.0,648.0,2672.0,3.972571872571873,0.8039682539682541,7748.0,1376.0,56.306604506604515,799.7845670282773,4.025346277555322,0.8039682539682541,11.695529210211168,6.422765776782305
2-furaldehyde,O=Cc1ccco1,96.08406,235.9,434.65,149556.5445506778,436042.0902533967,670.0,5510000.0,333.15,0.41,64.0,148.0,604.0,1.5914141414141416,0.3958333333333333,1436.0,308.0,15.63232323232323,174.68426735773673,1.6200395029952739,0.3958333333333333,4.175490557702223,2.3477188028961686
thiophene,c1ccsc1,84.13955999999999,235.045,357.25,60257.03010569583,375837.34463376174,580.0,5700000.0,264.15,1.81,40.0,80.0,320.0,1.25,0.3125,640.0,160.0,10.0,94.8148148148148,1.25,0.3125,3.0618621784789726,1.7677669529663687
furan,c1ccoc1,68.07396,187.55,304.45,55821.63870002568,399232.0718359606,490.2,5300000.0,253.15,1.34,40.0,80.0,320.0,1.25,0.3125,640.0,160.0,10.0,94.8148148148148,1.25,0.3125,3.0618621784789726,1.7677669529663687
anthraquinone,O=C1c2ccccc2C(=O)c2ccccc21,208.21212,558.15,650.15,84068.11284568833,312380.3096768804,900.0,3150000.0,466.3414434,3.39,216.0,666.0,2740.0,3.187606837606838,0.6229166666666667,8884.0,1408.0,52.32991452991453,870.5376365475865,3.2478409873304255,0.6229166666666667,9.78588385068082,5.315091597992659
pentane,CCCCC,72.14878,143.15,309.2093458,116426.08509804324,357704.4498,469.7,3367500.0,233.15,3.45,24.0,36.0,148.0,1.3714285714285714,0.5,228.0,76.0,5.828571428571428,43.647999999999996,1.393846850117352,0.5,2.7052080111089007,1.6503561370183704
oleic acid,CCCCCCCC/C=C\CCCCCCCC(=O)O,282.46136,287.15,633.15,186648.53840539465,235066.1109865245,781.0,1390000.0,462.0,7.64,148.0,290.0,1166.0,4.951587301587302,1.3291666666666666,2306.0,586.0,36.78730158730159,342.6377488392182,4.971487289748261,1.3291666666666666,11.787656074955507,6.8439677589068655
nonane,CCCCCCCCC,128.2551,219.9,423.9130498,120618.98513197526,288584.14785638126,594.55,2281000.0,303.15,5.65,56.0,100.0,404.0,2.3714285714285714,0.75,740.0,204.0,13.828571428571427,119.49985185185184,2.393846850117352,0.75,5.154697753892079,3.0645696993914653
benzoyl peroxide,O=C(OOC(=O)c1ccccc1)c1ccccc1,242.2268,378.15,689.72,119045.45657210516,281233.12212983664,884.0,2570000.0,353.15,3.46,192.0,489.0,1998.0,3.8713286713286714,0.8296825396825398,5238.0,1020.0,46.97163947163946,590.5706175345075,3.915710187168056,0.8296825396825398,10.885893891644955,6.042864752149941
anisole,COc1ccccc1,108.13782,236.15,426.75,119292.2143242762,363036.5142750786,646.5,4240000.0,316.1595123,2.11,72.0,164.0,668.0,1.8414141414141416,0.4583333333333333,1564.0,340.0,17.63232323232323,193.6472303206997,1.8700395029952739,0.4583333333333333,4.787862993398018,2.701272193489442
"cis,trans-2,4-hexadiene",C/C=C\C=C\C,82.14359999999999,177.05,356.15,142433.4945144844,360517.7207868216,538.0,3350000.0,261.4901964,2.8,32.0,52.0,212.0,1.6214285714285714,0.5625,356.0,108.0,7.828571428571429,62.61096296296296,1.643846850117352,0.5625,3.317580446804695,2.003909527611644
ethanolamine,NCCO,61.08308,283.45,443.5640754,167329.47978392706,815041.4269573732,671.4,8125000.0,358.15,-1.31,16.0,21.0,86.0,1.1333333333333333,0.4444444444444444,114.0,44.0,3.9000000000000004,27.390625,1.1498299142610595,0.4444444444444444,2.080880229039762,1.3026754814637789
dodecane,CCCCCCCCCCCC,170.33484,263.55,489.4415896,216045.05572670867,256157.1398534701,658.1,1817000.0,347.15,6.1,80.0,148.0,596.0,3.1214285714285714,0.9375,1124.0,300.0,19.82857142857143,176.38874074074073,3.1438468501173524,0.9375,6.991815060979463,4.125229871171287
phenylacetylene,C#Cc1ccccc1,102.13324,228.25,416.15,132101.9483960364,340435.1035443008,650.0,4280000.0,314.15,2.4,72.0,164.0,668.0,1.8414141414141416,0.4583333333333333,1564.0,340.0,17.63232323232323,193.6472303206997,1.8700395029952739,0.4583333333333333,4.787862993398018,2.701272193489442
pyrazole,c1cn[nH]c1,68.07726,341.15,460.15,205648.6997273392,623448.4073323677,734.0,6600000.0,355.65,0.26,40.0,80.0,320.0,1.25,0.3125,640.0,160.0,10.0,94.8148148148148,1.25,0.3125,3.0618621784789726,1.7677669529663687
n-methylacetamide,CN=C(C)O,73.09378,300.15,481.15,139875.10291573373,651791.6453814362,707.4,5090000.0,378.7908654,-1.05,28.0,48.0,198.0,1.1547619047619047,0.35416666666666663,344.0,102.0,6.761904761904762,54.61096296296296,1.1809036597828995,0.35416666666666663,2.6104736656181475,1.5177306270755913
propargyl alcohol,C#CCO,56.06326,223.15,386.15,188875.9233765572,751514.7287216834,588.8,6190000.0,306.15,-0.38,16.0,21.0,86.0,1.1333333333333333,0.4444444444444444,114.0,44.0,3.9000000000000004,27.390625,1.1498299142610595,0.4444444444444444,2.080880229039762,1.3026754814637789
formamide,N=CO,45.04062,275.15,490.15,187386.40809118524,1139844.2933579686,771.0,7799999.0,427.59444,-1.51,8.0,8.0,32.0,1.0,0.5,32.0,16.0,2.0,16.0,1.0,0.5,1.4142135623730951,1.0
biphenyl,c1ccc(-c2ccccc2)cc1,154.2078,342.575,528.35,120421.92418282344,315453.9711,773.0,3380000.0,385.92778,3.76,130.0,333.0,1352.0,2.6984126984126986,0.5846938775510204,3598.0,686.0,32.05555555555556,408.7302245302882,2.713407737639872,0.5846938775510204,7.448883250627814,4.169508675998105
dibenzofuran,c1ccc2c(c1)oc1ccccc12,168.19132000000002,355.15,558.35,139026.19944953162,307977.45883827336,824.0,3640000.0,398.4898138,4.12,174.0,522.0,2122.0,2.7292735042735043,0.5311011904761905,6652.0,1078.0,42.8042735042735,679.8679428708482,2.7495846007447686,0.5311011904761905,8.163894516895777,4.493588555654287
bromobenzene,Brc1ccccc1,157.0079,242.15,429.05,68149.43706654251,240533.78597940173,670.0,4519095.0,313.4498952,2.99,62.0,137.0,554.0,1.5944444444444446,0.37166666666666665,1236.0,280.0,15.319444444444443,161.23331249662562,1.605412485247119,0.37166666666666665,4.171787209943664,2.359782370480164
cyclopentane,C1CCCC1,70.1329,179.15,322.3998823,8697.772372167698,389326.2151536407,511.72,4582800.0,236.15,3.0,40.0,80.0,320.0,1.25,0.3125,640.0,160.0,10.0,94.8148148148148,1.25,0.3125,3.0618621784789726,1.7677669529663687
isopropylamine,CC(C)N,59.11026,178.02,304.95,124005.54489186816,474950.05728528457,472.2,4550000.0,249.15,0.26,18.0,27.0,108.0,1.0,0.3333333333333333,162.0,54.0,4.5,34.171875,1.0,0.3333333333333333,2.0,1.2247448713915892
m-xylene,Cc1cccc(C)c1,106.165,225.35,412.2140026,109263.88169359016,340144.8532128036,616.89,3534600.0,298.15,3.2,76.0,180.0,732.0,1.708080808080808,0.37999999999999995,1760.0,372.0,18.648989898989896,213.0064606447738,1.7287597466643907,0.37999999999999995,4.674942985596083,2.6092516690424175
"n,n-dimethylbutylamine",CCCCN(C)C,101.19,369.15,365.35,141486.3128767665,306067.4594316257,538.0,2930000.0,270.15,1.7,44.0,82.0,334.0,1.7015873015873013,0.5166666666666666,642.0,170.0,10.787301587301586,96.11923032069971,1.7214872897482596,0.5166666666666666,3.826814410910179,2.2477736811943063
benzyl benzoate,O=C(OCc1ccccc1)c1ccccc1,212.24388,292.15,594.45,115277.7644283548,254158.19816945656,825.0,2533125.0,421.15,3.97,168.0,419.0,1702.0,3.5255633255633256,0.7598412698412699,4350.0,864.0,41.362082362082354,506.22836518749045,3.5527912465891527,0.7598412698412699,9.776918158824106,5.457853740669895
pyrrolidine,C1CCNC1,71.12096,213.15,359.75,120639.54142351286,454063.8248,569.0,5700000.0,264.4057995,0.46,40.0,80.0,320.0,1.25,0.3125,640.0,160.0,10.0,94.8148148148148,1.25,0.3125,3.0618621784789726,1.7677669529663687
chlorobenzene,Clc1ccccc1,112.5569,227.995,405.2149481,85290.19545,315635.8230521005,632.35,4520600.0,301.15,2.84,62.0,137.0,554.0,1.5944444444444446,0.37166666666666665,1236.0,280.0,15.319444444444443,161.23331249662562,1.605412485247119,0.37166666666666665,4.171787209943664,2.359782370480164
mercaptoacetic acid,O=C(O)CS,92.11696,256.65,493.0,164150.01102945648,560150.8635401952,733.0,6100000.0,397.1143438,0.09,28.0,48.0,198.0,1.1547619047619047,0.35416666666666663,344.0,102.0,6.761904761904762,54.61096296296296,1.1809036597828997,0.35416666666666663,2.6104736656181475,1.5177306270755913
ethanamine,CCN,45.08368,192.05,289.75,136035.9225333868,606600.403,456.0,5600000.0,255.15,-0.13,8.0,8.0,32.0,1.0,0.5,32.0,16.0,2.0,16.0,1.0,0.5,1.4142135623730951,1.0
dibutylamine,CCCCNCCCC,129.24316,211.15,435.15,166933.39902862173,316946.1102067907,607.5,3110000.0,315.0,2.83,56.0,100.0,404.0,2.3714285714285714,0.75,740.0,204.0,13.828571428571427,119.49985185185184,2.393846850117352,0.75,5.154697753892079,3.0645696993914653
1-bromobutane,CCCCBr,137.01826,161.15,374.55,67363.28428050393,248113.8564687576,571.1,4629539.0,286.15,2.75,24.0,36.0,148.0,1.3714285714285714,0.5,228.0,76.0,5.828571428571428,43.647999999999996,1.393846850117352,0.5,2.7052080111089007,1.6503561370183704
dimethyl maleate,COC(=O)/C=C\C(=O)OC,144.12532,314.65,475.15,140405.5859164788,317116.98536379443,675.0,3220000.0,360.6088461,0.22,76.0,161.0,662.0,2.2111111111111112,0.6033333333333333,1446.0,340.0,18.36111111111111,185.4499646956997,2.2707181561808274,0.6033333333333333,5.559396857908085,3.1389533268314547
indene,C1=Cc2ccccc2C1,116.15982,271.25,455.65,87810.05342466956,325673.4676957654,695.15,3799688.0,331.15,2.92,106.0,285.0,1160.0,1.9484126984126986,0.3971938775510204,3214.0,590.0,26.055555555555557,351.84133564139944,1.9634077376398718,0.3971938775510204,5.611765943540429,3.1088485042182836
benzene,c1ccccc1,78.11184,278.65,353.2187801,126357.28463188167,393696.8119134687,562.02,4907277.0,262.15,2.13,48.0,96.0,384.0,1.5,0.375,768.0,192.0,12.0,113.77777777777776,1.5,0.375,3.6742346141747673,2.1213203435596424
bicyclo[2.2.1]hept-2-ene,C1=CC2CCC1C2,94.1543,318.65,368.84,98540.37468283444,326596.4945,590.0,4860000.0,258.15,3.24,88.0,242.0,972.0,1.460606060606061,0.26888888888888884,2684.0,488.0,21.909090909090907,302.49530439814816,1.4636300766735548,0.26888888888888884,4.376353633308599,2.4158511795343562
bromoethane,CCBr,108.9651,154.15,311.35,68554.05996966001,248287.1703769311,504.0,5800000.0,257.59444,1.6,8.0,8.0,32.0,1.0,0.5,32.0,16.0,2.0,16.0,1.0,0.5,1.4142135623730951,1.0
2-hydroxyethyl acrylate,C=CC(=O)OCCO,116.11522,247.5,464.15,136786.547,482273.0673856292,662.0,3980000.0,366.4063141,-0.21,54.0,106.0,436.0,1.9134920634920634,0.5816666666666666,892.0,224.0,13.067063492063491,122.61380844569972,1.9558893008990688,0.5816666666666666,4.441067700343836,2.5698741822498263
triethanolamine,OCCN(CCO)CCO,149.1882,293.15,623.15,178170.92772752806,423341.7243032428,772.0,2700000.0,452.15,-1.0,72.0,153.0,630.0,2.4954545454545456,0.7999999999999999,1440.0,324.0,17.406818181818178,181.98611111111114,2.5470640981382386,0.7999999999999999,5.661854612176169,3.3068349920129854
triacetin,CC(=O)OCC(COC(C)=O)OC(C)=O,218.20386,276.15,532.15,131299.23549473414,245036.34648737733,701.4,2333000.0,408.8371701,0.25,124.0,282.0,1142.0,3.289033189033189,0.8161111111111111,2696.0,578.0,30.584704184704187,338.35646064477385,3.315203586637545,0.8161111111111111,8.387411813620503,4.774834626522884
benzo[b]thiophene,c1ccc2sccc2c1,134.19824,304.65,494.05,89949.01871,324400.4817519719,764.0,4760000.0,363.6596707,3.12,106.0,285.0,1160.0,1.9484126984126986,0.3971938775510204,3214.0,590.0,26.055555555555557,351.8413356413994,1.9634077376398715,0.3971938775510204,5.611765943540429,3.1088485042182836
malononitrile,N#CCC#N,66.06138,305.15,492.15,98968.56529488182,712160.2525533327,715.0,4040000.0,385.15,-0.6,24.0,36.0,148.0,1.3714285714285714,0.5,228.0,76.0,5.828571428571428,43.647999999999996,1.393846850117352,0.5,2.7052080111089007,1.6503561370183704
p-benzoquinone,O=C1C=CC(=O)C=C1,108.09476,387.15,453.15,171146.13141284554,427808.9471522087,683.0,5960000.0,366.48333,0.2,76.0,180.0,728.0,1.7,0.3733333333333333,1740.0,368.0,18.75,214.35546875,1.7163977794943222,0.3733333333333333,4.65902361376278,2.6044733772875754
thiodiglycol,OCCSCCO,122.186,262.95,555.15,150770.1373316092,558574.8804,731.0,4610000.0,433.15,-0.63,40.0,68.0,276.0,1.8714285714285714,0.625,484.0,140.0,9.828571428571427,81.57392592592592,1.893846850117352,0.625,3.9299528825004892,2.357462918204918
4-methoxyphenol,COc1ccc(O)cc1,124.13722,329.15,526.15,120012.35407076136,413243.7892147091,761.0,4970000.0,398.0,1.58,86.0,207.0,842.0,1.9469696969696968,0.4599999999999999,2068.0,428.0,21.062878787878788,246.76938657407408,1.981024797242477,0.4599999999999999,5.275099397217133,2.9459632002968537
p-cymene,Cc1ccc(C(C)C)cc1,134.21816,205.15,450.15,71972.37691233437,283364.4111404072,652.0,2800000.0,320.15,4.1,100.0,250.0,1024.0,2.0500000000000003,0.4457142857142857,2620.0,524.0,24.375,297.5703125,2.081689222078593,0.4457142857142857,5.763675747372526,3.191596639631612
butyl benzoate,CCCCOC(=O)c1ccccc1,178.22766,251.15,522.15,127118.31597856358,272523.31670488924,725.0,2400000.0,379.15,3.84,120.0,286.0,1168.0,2.9936008436008437,0.7573412698412699,2916.0,596.0,29.372327672327675,344.13709782806654,3.028385316392683,0.7573412698412699,7.716688652908065,4.375383285502345
m-xylene,Cc1cccc(C)c1,106.165,225.35,412.2140026,109263.88169359016,340144.8532128036,616.89,3534600.0,298.15,3.2,76.0,180.0,732.0,1.708080808080808,0.37999999999999995,1760.0,372.0,18.648989898989896,213.0064606447738,1.7287597466643907,0.37999999999999995,4.674942985596083,2.6092516690424175
1-methyl-2-pyrrolidinone,CN1CCCC1=O,99.13106,249.15,477.35,62553.55284206585,435154.3708878906,721.8,4520000.0,359.15,-0.38,70.0,172.0,710.0,1.4191919191919191,0.3055555555555556,1776.0,366.0,16.898989898989896,201.3831352985639,1.4504331546277671,0.3055555555555556,4.052926477249632,2.2250311570836736
4-bromotoluene,Cc1ccc(Br)cc1,171.03448,301.4,457.15,74973.18669311592,236960.8802,699.0,4370000.0,339.1052916,3.42,76.0,180.0,728.0,1.7,0.3733333333333333,1740.0,368.0,18.75,214.35546875,1.7163977794943222,0.3733333333333333,4.65902361376278,2.6044733772875754
4-chlorotoluene,Cc1ccc(Cl)cc1,126.58348,280.65,434.95,92705.62004,292207.9090763883,615.9,2330000.0,322.15,3.33,76.0,180.0,728.0,1.7,0.3733333333333333,1740.0,368.0,18.75,214.35546875,1.7163977794943222,0.3733333333333333,4.65902361376278,2.6044733772875754
diphenylamine,c1ccc(Nc2ccccc2)cc1,169.22244,326.15,578.25,109323.56252515918,322458.74752633343,931.15,8140000.0,419.049567,3.44,136.0,336.0,1352.0,2.94949494949495,0.638888888888889,3416.0,680.0,33.79797979797979,410.6064606413994,2.958057267673471,0.638888888888889,8.060904439433148,4.530942543207108
furfuryl alcohol,OCc1ccco1,98.09994,250.35,441.15,133843.0991904786,500631.3266086581,632.0,5350000.0,334.15,0.28,64.0,148.0,604.0,1.5914141414141416,0.3958333333333333,1436.0,308.0,15.63232323232323,174.68426735773673,1.6200395029952739,0.3958333333333333,4.175490557702223,2.3477188028961686
trans-2-octene,C/C=C/CCCCC,112.21264,185.15,398.05,148628.53240062797,288167.67320404603,569.8,2580000.0,287.15,4.51,48.0,84.0,340.0,2.1214285714285714,0.6875,612.0,172.0,11.828571428571427,100.53688888888888,2.143846850117352,0.6875,4.542325318196284,2.7110163087981913
"2,2,4-trimethyl-1,3-pentanediol",CC(C)C(O)C(C)(C)CO,146.22732,324.9,503.25,69699.69770354815,386386.9989043211,697.9,2704000.0,382.65,1.24,96.0,251.0,1078.0,1.785014985014985,0.4178571428571428,2970.0,576.0,22.178221778221776,289.331532003579,1.8754895186626535,0.4178571428571428,5.259022663717015,2.8138294103836547
benzoyl peroxide,O=C(OOC(=O)c1ccccc1)c1ccccc1,242.2268,378.15,689.72,119045.45657210516,281233.12212983664,884.0,2570000.0,353.15,3.46,192.0,489.0,1998.0,3.8713286713286714,0.8296825396825398,5238.0,1020.0,46.97163947163946,590.5706175345075,3.915710187168056,0.8296825396825398,10.885893891644955,6.042864752149941
"trans-1,2-dichloroethylene",Cl/C=C/Cl,96.94328,223.35,320.79,98325.53633423585,285446.3955725622,515.5,5300000.0,245.3895707,1.93,16.0,21.0,86.0,1.1333333333333333,0.4444444444444444,114.0,44.0,3.9000000000000004,27.390625,1.1498299142610595,0.4444444444444444,2.080880229039762,1.3026754814637789
diphenyl oxide,c1ccc(Oc2ccccc2)cc1,170.2072,300.65,531.15,101170.80828543092,278523.5413080942,767.0,3100000.0,388.15,4.21,136.0,336.0,1352.0,2.94949494949495,0.638888888888889,3416.0,680.0,33.79797979797979,410.6064606413994,2.958057267673471,0.638888888888889,8.060904439433148,4.530942543207108
3-chlorophenol,Oc1cccc(Cl)c1,128.5563,305.95,483.15,115902.52675287017,379854.3280802334,729.0,5320000.0,370.15,2.5,76.0,180.0,732.0,1.708080808080808,0.37999999999999995,1760.0,372.0,18.648989898989896,213.0064606447738,1.7287597466643907,0.37999999999999995,4.674942985596083,2.6092516690424175
dimethyl disulfide,CSSC,94.19904,188.15,382.87,97559.38064761597,359683.4845,615.0,5100000.0,285.5280984,1.77,16.0,21.0,86.0,1.1333333333333333,0.4444444444444444,114.0,44.0,3.9000000000000004,27.390625,1.1498299142610595,0.4444444444444444,2.080880229039762,1.3026754814637789
1-ethylnaphthalene,CCc1cccc2ccccc12,156.22368,259.25,531.15,112063.67690224682,312233.8466,775.6,3100545.0,382.7270365,4.4,140.0,389.0,1596.0,2.5745532245532248,0.5696428571428571,4664.0,818.0,34.06126651126651,486.94796586822264,2.6194304958557564,0.5696428571428571,7.344453826855084,4.05641964035961
iodobenzene,Ic1ccccc1,204.00837,242.15,461.65,47792.15676297987,200311.1796891071,721.0,4519095.0,347.59,3.28,62.0,137.0,554.0,1.5944444444444446,0.37166666666666665,1236.0,280.0,15.319444444444443,161.23331249662562,1.605412485247119,0.37166666666666665,4.171787209943664,2.359782370480164
epichlorohydrin,ClCC1CO1,92.5242,216.05,391.05,149550.0636590211,363905.4746244414,610.0,4900077.0,301.15,0.45,41.0,84.0,343.0,1.25,0.33749999999999997,716.0,175.0,10.0,96.93380844401253,1.2743737838432105,0.33749999999999997,3.094303151812227,1.7618016810571366
isobutylamine,CC(C)CN,73.13683999999999,188.15,341.95,106512.66858125126,397985.1798,516.0,4255650.0,253.15,0.73,28.0,48.0,198.0,1.1547619047619047,0.35416666666666663,344.0,102.0,6.761904761904762,54.61096296296296,1.1809036597828997,0.35416666666666663,2.6104736656181475,1.5177306270755913
benzenethiol,Sc1ccccc1,110.17684,258.15,442.25,104196.1268811122,359162.16641765164,685.0,4600155.0,328.15,2.52,62.0,137.0,554.0,1.5944444444444446,0.37166666666666665,1236.0,280.0,15.319444444444443,161.23331249662562,1.605412485247119,0.37166666666666665,4.171787209943664,2.359782370480164
8-methylquinoline,Cc1cccc2cccnc12,143.18516,193.15,520.55,121974.93092161226,337136.04931045533,787.0,4300000.0,378.15,2.6,130.0,358.0,1468.0,2.306299256299256,0.4722222222222222,4212.0,752.0,31.688322788322786,444.0659794274633,2.3368474103839314,0.4722222222222222,6.72539791846762,3.70189190079953
"1,2-dibromo-3-chloropropane",ClCC(Br)CBr,236.3328,279.15,473.15,62496.61494299564,229359.07492987128,659.19036,5123977.2,349.81667,2.96,38.0,71.0,298.0,1.361111111111111,0.41666666666666663,576.0,156.0,8.98611111111111,78.27223032069972,1.4125192664336665,0.41666666666666663,3.2298850510266943,1.8367166381876665
benzaldehyde,O=Cc1ccccc1,106.12194,216.9,451.85,87823.49814,387108.8898499604,695.0,4700000.0,337.15,1.48,72.0,164.0,668.0,1.8414141414141416,0.4583333333333333,1564.0,340.0,17.63232323232323,193.6472303206997,1.8700395029952739,0.4583333333333333,4.787862993398018,2.701272193489442
cyclooctane,C1CCCCCCC1,112.21264,287.95,424.25,21477.08136979934,312713.9198943661,647.2,3560000.0,303.15,4.45,64.0,128.0,512.0,2.0,0.5,1024.0,256.0,16.0,151.70370370370367,2.0,0.5,4.898979485566357,2.82842712474619
methanol,CO,32.04186,175.15,337.6323833,100337.49601302797,1101081.237210215,513.38,8215850.0,282.15,-0.74,2.0,1.0,4.0,1.0,1.0,2.0,2.0,0.5,0.0,1.0,1.0,0.0,0.7071067811865475
"1,3,5-trichlorobenzene",Clc1cc(Cl)cc(Cl)c1,181.44702,337.15,482.15,99753.63607514744,234244.4171028357,718.0,3720000.0,371.5698762,4.02,90.0,225.0,918.0,1.840909090909091,0.39999999999999997,2340.0,468.0,21.98863636363636,269.0972222222223,1.8700417842518153,0.39999999999999997,5.183701941132024,2.869728239246403
cycloheptane,C1CCCCCC1,98.18606,265.15,391.95,19147.320912968706,330695.70480230416,604.2,3820000.0,279.15,4.0,56.0,112.0,448.0,1.75,0.4375,896.0,224.0,14.0,132.7407407407407,1.75,0.4375,4.286607049870562,2.474873734152916
2-cyclohexen-1-one,O=C1C=CCCC1,96.12712,220.15,445.45,29044.87308056249,410581.0946605526,685.0,4530000.0,329.15,0.61,62.0,137.0,554.0,1.5944444444444446,0.37166666666666665,1236.0,280.0,15.319444444444443,161.23331249662562,1.605412485247119,0.37166666666666665,4.171787209943664,2.359782370480164
1-iodobutane,CCCCI,184.01873,170.15,403.15,57178.96216325371,175595.43419171148,621.0,4320000.0,304.15,3.0,24.0,36.0,148.0,1.3714285714285714,0.5,228.0,76.0,5.828571428571428,43.647999999999996,1.393846850117352,0.5,2.7052080111089007,1.6503561370183704
phenylacetonitrile,N#CCc1ccccc1,117.14788,249.15,505.15,102630.96523812469,392303.7532375092,745.0,4002338.0,374.15,1.56,80.0,183.0,742.0,2.13989898989899,0.5583333333333333,1756.0,376.0,19.701262626262626,219.30926735773676,2.1613833332161483,0.5583333333333333,5.390690813747234,3.0790744676797375
1-chloropropane,CCCCl,78.54068000000001,150.35,319.35,70536.69512410638,346551.7255,503.4,4570000.0,241.15,2.04,16.0,21.0,86.0,1.1333333333333333,0.4444444444444444,114.0,44.0,3.9000000000000004,27.390625,1.1498299142610595,0.4444444444444444,2.080880229039762,1.3026754814637789
cis-2-methylcyclohexanol,C[C@@H]1CCCC[C@@H]1O,114.18546,280.15,438.15,95283.58514297706,405503.4865473523,614.0,3790000.0,327.2949511,1.84,78.0,188.0,774.0,1.6691919191919191,0.3680555555555556,1904.0,398.0,18.898989898989896,220.34609826152683,1.7004331546277671,0.3680555555555556,4.665298912945426,2.578584547676947
2-methylnaphthalene,Cc1ccc2ccccc2c1,142.1971,306.85,514.25,85304.13067,325308.1278492503,761.0,3370000.0,370.15,4.0,128.0,347.0,1408.0,2.3229659229659227,0.47243197278911564,3930.0,714.0,31.5274864024864,431.6797095769328,2.342239716738519,0.47243197278911564,6.717342758252134,3.7183770682741315
benzotrifluoride,FC(F)(F)c1ccccc1,146.1098096,244.15,375.15,66751.16494026284,213822.0968342412,565.0,3390334.0,274.5546754,3.01,104.0,272.0,1124.0,1.994993894993895,0.42083333333333334,3048.0,580.0,25.226862026862026,325.7414507620275,2.020151364509997,0.42083333333333334,5.688820483750542,3.1444181840413825
valeronitrile,CCCCC#N,83.13166,177.15,413.15,108262.0027075124,454329.7748573556,610.3,3580000.0,307.15,0.94,32.0,52.0,212.0,1.6214285714285714,0.5625,356.0,108.0,7.828571428571429,62.61096296296296,1.643846850117352,0.5625,3.317580446804695,2.003909527611644
o-anisidine,COc1ccccc1N,123.15246,279.15,494.15,113054.98891374156,411517.4079745001,728.0,5846453.0,390.92778,1.18,88.0,217.0,898.0,1.934149184149184,0.464484126984127,2302.0,464.0,21.197940947940946,256.30103959501446,1.9813598697362118,0.464484126984127,5.287262804527603,2.930849602920092
1-chloropentane,CCCCCCl,106.59384,174.15,381.05,121048.27070682507,314620.48329619307,571.0,3300000.0,284.15,2.73,32.0,52.0,212.0,1.6214285714285714,0.5625,356.0,108.0,7.828571428571429,62.61096296296296,1.643846850117352,0.5625,3.317580446804695,2.003909527611644
1-chloronaphthalene,Clc1cccc2ccccc12,162.61558000000002,259.15,532.15,79328.19229252203,289774.2142808261,785.0,3400000.0,394.000859,3.9,130.0,358.0,1468.0,2.306299256299256,0.4722222222222222,4212.0,752.0,31.688322788322786,444.0659794274633,2.3368474103839314,0.4722222222222222,6.72539791846762,3.70189190079953
"1-chloro-2,4-dinitrobenzene",O=[N+]([O-])c1ccc(Cl)c([N+](=O)[O-])c1,202.55202,326.15,588.15,155406.99125093888,301061.61965376907,813.77,3490000.0,433.7014306,2.17,140.0,381.0,1576.0,2.5307803307803307,0.5431746031746031,4472.0,814.0,33.725441225441216,464.55508884082917,2.590226074675946,0.5431746031746031,7.372055382505363,4.031858955540734
thioanisole,CSc1ccccc1,124.20342,258.15,467.45,97074.62161669944,332128.3903845018,706.0,4100000.0,345.15,2.74,72.0,164.0,668.0,1.8414141414141416,0.4583333333333333,1564.0,340.0,17.63232323232323,193.6472303206997,1.8700395029952739,0.4583333333333333,4.787862993398018,2.701272193489442
p-terphenyl,c1ccc(-c2ccc(-c3ccccc3)cc2)cc1,230.30376,486.15,649.15,153275.83014710658,282123.3310747404,908.0,2990000.0,467.0255195,6.03,212.0,572.0,2324.0,3.9079365079365083,0.799387755102041,6464.0,1180.0,52.222222222222214,709.3492928173252,3.932388284279829,0.799387755102041,11.213215695131076,6.223925988323456
diphenyl oxide,c1ccc(Oc2ccccc2)cc1,170.2072,300.65,531.15,101170.80828543092,278523.5413080942,767.0,3100000.0,388.15,4.21,136.0,336.0,1352.0,2.94949494949495,0.638888888888889,3416.0,680.0,33.79797979797979,410.6064606413994,2.958057267673471,0.638888888888889,8.060904439433148,4.530942543207108
tetradecane,CCCCCCCCCCCCCC,198.388,279.05,526.65,227181.07950077625,241965.61693279195,693.0,1570000.0,380.6457317,7.2,96.0,180.0,724.0,3.6214285714285714,1.0625,1380.0,364.0,23.82857142857143,214.31466666666665,3.6438468501173524,1.0625,8.216559932371052,4.832336652357835
ethanol,CCO,46.06844,159.05,351.5704417,107036.40062480952,849611.6169365061,514.71,6268000.0,285.15,-0.3,8.0,8.0,32.0,1.0,0.5,32.0,16.0,2.0,16.0,1.0,0.5,1.4142135623730951,1.0
1-propanol,CCCO,60.09502,146.6,370.19,89358.48594442601,692309.7706679342,536.8,5169000.0,288.15,0.25,16.0,21.0,86.0,1.1333333333333333,0.4444444444444444,114.0,44.0,3.9000000000000004,27.390625,1.1498299142610595,0.4444444444444444,2.080880229039762,1.3026754814637789
isopropanol,CC(C)O,60.09502,183.65,355.36,90024.09850267127,664868.0172381938,508.3,4764000.0,285.15,0.05,18.0,27.0,108.0,1.0,0.3333333333333333,162.0,54.0,4.5,34.171875,1.0,0.3333333333333333,2.0,1.2247448713915892
1-butanol,CCCCO,74.1216,183.35,390.75,126413.8928463498,581987.8130906415,563.0,4414000.0,308.15,0.84,24.0,36.0,148.0,1.3714285714285714,0.5,228.0,76.0,5.828571428571428,43.647999999999996,1.393846850117352,0.5,2.7052080111089007,1.6503561370183704
2-methyl-1-propanol,CC(C)CO,74.1216,165.15,380.99,85265.29378750593,564050.4012463859,547.8,4295000.0,301.15,0.76,28.0,48.0,198.0,1.1547619047619047,0.35416666666666663,344.0,102.0,6.761904761904762,54.61096296296296,1.1809036597828997,0.35416666666666663,2.6104736656181475,1.5177306270755913
tert-butanol,CC(C)(C)O,74.1216,298.35,355.45,90392.00448991929,526739.2635423244,506.2,3972000.0,283.15,0.35,32.0,64.0,256.0,1.0,0.25,512.0,128.0,8.0,75.85185185185183,1.0,0.25,2.449489742783178,1.414213562373095
1-pentanol,CCCCCO,88.14818,194.7,410.75,119117.60401632795,497880.9278113591,588.1,3897000.0,315.15,1.51,32.0,52.0,212.0,1.6214285714285714,0.5625,356.0,108.0,7.828571428571429,62.61096296296296,1.643846850117352,0.5625,3.317580446804695,2.003909527611644
1-hexanol,CCCCCCO,102.17476,226.0,430.05,150526.4118065949,444712.97259548417,610.3,3417000.0,333.15,2.03,40.0,68.0,276.0,1.8714285714285714,0.625,484.0,140.0,9.828571428571427,81.57392592592592,1.893846850117352,0.625,3.9299528825004892,2.357462918204918
1-octanol,CCCCCCCCO,130.22792,257.65,467.85,181988.6242520037,366905.3617,652.5,2777000.0,354.15,3.07,56.0,100.0,404.0,2.3714285714285714,0.75,740.0,204.0,13.828571428571427,119.49985185185184,2.393846850117352,0.75,5.154697753892079,3.0645696993914653
ethylene glycol,OCCO,62.06784,260.15,470.3134827,160469.57651498745,879091.8650347278,719.0,10508700.0,365.2623446,-1.36,16.0,21.0,86.0,1.1333333333333333,0.4444444444444444,114.0,44.0,3.9000000000000004,27.390625,1.1498299142610595,0.4444444444444444,2.080880229039762,1.3026754814637789
"1,2-propanediol",CC(O)CO,76.09442,213.15,460.45,107484.88522548696,716333.7359706515,676.0,5900000.0,358.6524318,-0.92,28.0,48.0,198.0,1.1547619047619047,0.35416666666666663,344.0,102.0,6.761904761904762,54.61096296296296,1.1809036597828997,0.35416666666666663,2.6104736656181475,1.5177306270755913
cyclohexanol,OC1CCCCC1,100.15888,297.15,434.05,17771.764221005666,453710.9233,650.1,4260000.0,334.15,1.23,62.0,137.0,554.0,1.5944444444444446,0.37166666666666665,1236.0,280.0,15.319444444444443,161.23331249662562,1.605412485247119,0.37166666666666665,4.171787209943664,2.359782370480164
formic acid,O=CO,46.02538,281.45,374.15,275500.16968898464,479611.30495375895,588.0,5810000.0,315.15,-0.54,8.0,8.0,32.0,1.0,0.5,32.0,16.0,2.0,16.0,1.0,0.5,1.4142135623730951,1.0
acetic acid,CC(=O)O,60.05196,289.85,391.05,195330.8434895381,398337.0166237087,590.7,5780000.0,312.15,-0.17,18.0,27.0,108.0,1.0,0.3333333333333333,162.0,54.0,4.5,34.171875,1.0,0.3333333333333333,2.0,1.2247448713915892
propionic acid,CCC(=O)O,74.07854,252.15,414.65,143901.32418916462,419937.79346590536,598.5,4670000.0,326.15,0.33,28.0,48.0,198.0,1.1547619047619047,0.35416666666666663,344.0,102.0,6.761904761904762,54.61096296296296,1.1809036597828995,0.35416666666666663,2.6104736656181475,1.5177306270755913
butyric acid,CCCC(=O)O,88.10512,267.45,436.85,131547.40609853322,403243.1969198439,615.2,4060000.0,345.15,0.79,36.0,65.0,268.0,1.4436507936507934,0.44999999999999996,498.0,138.0,8.725793650793651,74.59661516034986,1.4674042471506288,0.44999999999999996,3.2221647402659905,1.8900292654450195
valeric acid,CCCCC(=O)O,102.1317,239.15,459.25,138644.51487638018,413247.5819021925,637.2,3630000.0,352.2156286,1.39,44.0,82.0,334.0,1.7015873015873013,0.5166666666666666,642.0,170.0,10.787301587301586,96.11923032069971,1.7214872897482596,0.5166666666666666,3.826814410910179,2.2477736811943063
hexanoic acid,CCCCCC(=O)O,116.15828,270.15,478.05,184567.1268548398,395547.2417976484,655.0,3380000.0,365.2202863,1.92,52.0,98.0,398.0,1.9515873015873013,0.5791666666666666,770.0,202.0,12.787301587301586,115.08219328366268,1.9714872897482596,0.5791666666666666,4.439186846605974,2.60132707178758
octanoic acid,CCCCCCCC(=O)O,144.21143999999998,289.45,513.15,148046.50726738464,385689.4219770961,693.0,2870000.0,388.8372829,3.05,68.0,130.0,526.0,2.4515873015873013,0.7041666666666667,1026.0,266.0,16.787301587301585,153.00811920958859,2.47148728974826,0.7041666666666667,5.663931717997563,3.3084338529741277
decanoic acid,CCCCCCCCCC(=O)O,172.2646,304.15,543.15,161379.6450344412,346380.7598449262,722.0,2100000.0,410.251758,4.09,84.0,162.0,654.0,2.9515873015873013,0.8291666666666668,1282.0,330.0,20.787301587301588,190.9340451355145,2.9714872897482603,0.8291666666666668,6.888676589389152,4.015540634160676
lauric acid,CCCCCCCCCCCC(=O)O,200.31776,316.75,572.15,181212.09023104093,274803.75131187256,743.0,1900000.0,433.8951633,4.6,100.0,194.0,782.0,3.4515873015873018,0.9541666666666668,1538.0,394.0,24.787301587301588,228.85997106144043,3.4714872897482607,0.9541666666666668,8.113421460780742,4.722647415347223
palmitic acid,CCCCCCCCCCCCCCCC(=O)O,256.42408,334.95,624.15,209418.70981851625,231623.6910330707,785.0,1500000.0,465.15,7.17,132.0,258.0,1038.0,4.451587301587302,1.2041666666666666,2050.0,522.0,32.787301587301585,304.7118229132923,4.471487289748261,1.2041666666666666,10.562911203563917,6.136860977720318
stearic acid,CCCCCCCCCCCCCCCCCC(=O)O,284.47724,342.45,644.15,215131.44601656008,217242.07627853265,803.0,1300000.0,469.0,8.23,148.0,290.0,1166.0,4.951587301587302,1.3291666666666666,2306.0,586.0,36.78730158730159,342.6377488392182,4.971487289748261,1.3291666666666666,11.787656074955507,6.8439677589068655
benzoic acid,O=C(O)c1ccccc1,122.12134,395.55,523.35,147558.15814009248,471629.18507459614,752.0,4559625.0,394.26,1.88,86.0,207.0,850.0,1.9444444444444442,0.4440476190476191,2116.0,436.0,20.944444444444443,244.44815624662562,1.9707039278313898,0.4440476190476191,5.2764393435534105,2.9469056328242007
phthalic acid,O=C(O)c1ccccc1C(=O)O,166.13084,503.15,598.0,183072.5709928392,428648.6897,800.0,3950000.0,441.15,0.73,126.0,340.0,1414.0,2.4348290598290596,0.5447916666666667,4072.0,734.0,30.25213675213675,415.9803100112595,2.4874646865222783,0.5447916666666667,6.8907353901374675,3.7938340120834937
salicylic acid,O=C(O)c1ccccc1O,138.12074,432.15,529.0,102808.60064896842,433883.87904404354,739.0,5180000.0,401.968953,2.2,102.0,262.0,1090.0,2.049034299034299,0.4555555555555555,2932.0,566.0,24.504134754134753,311.06844028799674,2.0924531545390956,0.4555555555555555,5.78064042652071,3.184132954495239
